Feature,RFE_Rank,RF_Importance
Cohesion_kPa,1,0.7269687784765255
Friction_Angle_deg,2,0.108868903893351
Plastic_Limit,3,0.1095978093144425
Fines_pct,4,0.007028757055211737
Plasticity_Index,5,0.008187675443546389
Clay_pct,6,0.008783036206672173
Sp_Gravity,7,0.007937820132428062
Sand_pct,8,0.004300121563077873
Liquid_Limit,9,0.004952445356811249
Silt_pct,10,0.0049305295193239115
Moisture_pct,11,0.004310021153381137
Gravel_pct,12,0.0041341018852284785
